tv,emisora,mdp_6_meses,fondos_que_lo_tienen,clase_propuesta,nombre_del_etf
1I,U03AMX,427557.0,7,,
1ISP,XTMXX,373327.0,4,,
1ISP,VMSTX,352697.0,4,,
1ISP,PR1MX,127546.0,1,,
1I,VMSTX,83142.0,9,,
1I,FRMXNX,51276.0,8,,
1I,IGLMX,50646.0,2,,
1I,I37MX,38183.0,9,,
1I,TMX1X,37635.0,4,,
1ISP,U03A,37432.0,3,,
1I,XTMXX,33689.0,2,,
1ISP,SDMXX,31930.0,2,,
1ISP,XT0D,27379.0,2,,
1ISP,FRMXNX,24479.0,2,,
1I,TI5MX,24366.0,3,,
1I,PR1MX,17347.0,1,,
1ISP,IGBUX,15969.0,5,,
1ISP,JPEA,12985.0,15,,
1I,TBLLMX,9894.0,1,,
1ISP,VDPA,9573.0,5,,
1ISP,IMEAX,8538.0,4,,
1I,AFLMX,8446.0,2,,
1ISP,VDCA,8014.0,5,,
1ISP,IJPAX,6642.0,4,,
1ISP,SPXS1,6348.0,7,,
1ISP,USC5,6197.0,1,,
1ISP,IMBA,5285.0,4,,
1ISP,IFSU,5100.0,1,,
1ISP,DHYA,4973.0,4,,
1ISP,IUFS,4732.0,5,,
1ISP,TRIA,4557.0,2,,
1ISP,TR7A,4373.0,2,,
1ISP,XUSTX,4292.0,2,,
1ISP,STYC,4026.0,3,,
1ISP,EWY,3887.0,31,,
1ISP,ITWAX,3880.0,6,,
1ISP,SDHA,3850.0,5,,
1ISP,VDEA,3817.0,9,,
1ISP,IUCM,3762.0,5,,
1I,SDHMX,3755.0,5,,
1ISP,EMCA,3706.0,8,,
1ISP,XSPU1,3630.0,1,,
1ISP,IUCD,3605.0,5,,
1I,SDMXX,3586.0,8,,
1ISP,DTLA,3472.0,12,,
1ISP,SPXL,3472.0,1,,
1ISP,IUMO,3453.0,1,,
1ISP,ICHN,3452.0,7,,
1ISP,IQLT,3436.0,1,,
1ISP,DFND,3431.0,4,,
1ISP,BLTN,3402.0,10,,
1ISP,MCHI,3380.0,26,,
1ISP,MTXX1,3314.0,2,,
1ISP,IUIS,3261.0,5,,
1ISP,GVI,3239.0,1,,
1ISP,EFG,3239.0,2,,
1ISP,BB3M,3221.0,6,,
1ISP,R1GR,3189.0,2,,
1ISP,IWMO,3122.0,1,,
1ISP,IDTM,2918.0,2,,
1ISP,USRT,2903.0,5,,
1ISP,GDX,2851.0,5,,
1ISP,HLQD,2842.0,3,,
1ISP,IDTP,2793.0,10,,
1ISP,IUHC,2784.0,6,,
1ISP,SPHQ,2778.0,1,,
1ISP,OEF,2731.0,2,,
1ISP,EWU,2699.0,9,,
1ISP,ISAC,2656.0,10,,
1ISP,EWT,2596.0,13,,
1ISP,CSKR,2595.0,5,,
1ISP,XLC,2551.0,10,,
1I,IEGMX,2529.0,1,,
1ISP,SHLD,2510.0,2,,
1ISP,SIL,2458.0,2,,
1ISP,MEUD,2439.0,7,,
1ISP,IUAA,2427.0,4,,
1ISP,XNTK,2366.0,10,,
1ISP,HSPA,2317.0,8,,
1ISP,SLQD,2300.0,3,,
1ISP,XLF,2287.0,18,,
1ISP,VBIL,2198.0,5,,
1ISP,RWL,2185.0,1,,
1ISP,BBEU,2161.0,3,,
1ISP,ARTY,2085.0,2,,
1ISP,EMGA,2059.0,4,,
1ISP,VMBS,2053.0,1,,
1ISP,STPZ,2050.0,1,,
1ISP,R1VL,2044.0,2,,
1ISP,HSWD,2036.0,1,,
1ISP,INDA,1984.0,20,,
1ISP,VUDS,1961.0,4,,
1ISP,EWZ,1886.0,27,,
1ISP,IJPD,1882.0,8,,
1ISP,BBIN,1875.0,1,,
1ISP,EMLB,1825.0,1,,
1ISP,IUCS,1809.0,5,,
1ISP,PPA,1771.0,2,,
1ISP,SAWD,1692.0,1,,
1ISP,OMFL,1676.0,1,,
1ISP,FDT,1675.0,1,,
1ISP,RSP,1654.0,19,,
1ISP,COPX,1649.0,8,,
1ISP,VJPA,1599.0,12,,
1ISP,ITA,1497.0,4,,
1ISP,XLV,1481.0,18,,
1ISP,SXR7,1473.0,7,,
1ISP,DFEU,1471.0,4,,
1ISP,CRUD,1449.0,6,,
1ISP,VWCG,1434.0,5,,
1ISP,EWC,1414.0,15,,
1ISP,JPEM,1394.0,1,,
1ISP,IDTL,1378.0,1,,
1ISP,EH1D,1316.0,1,,
1ISP,AINF,1313.0,2,,
1ISP,IUES,1290.0,7,,
1ISP,IWM,1290.0,10,,
1ISP,XLI,1246.0,13,,
1ISP,XSVM,1243.0,10,,
1ISP,VNRA,1238.0,2,,
1ISP,JGHY,1236.0,2,,
1ISP,EZA,1230.0,12,,
1ISP,XLE,1206.0,21,,
1ISP,FEZ,1188.0,1,,
1ISP,ZPR1,1182.0,3,,
1ISP,TPXY,1179.0,1,,
1ISP,IBC0,1177.0,1,,
1ISP,XLY,1170.0,4,,
1ISP,VITS,1170.0,5,,
1ISP,IMBS,1165.0,1,,
1ISP,EUFN,1150.0,7,,
1ISP,WQDA,1128.0,1,,
1ISP,XLRE,1102.0,9,,
1I,SPPMX,1095.0,4,,
1ISP,HSEM,1084.0,9,,
1ISP,SXRT,1080.0,3,,
1ISP,IYW,1075.0,1,,
1ISP,VTV,1074.0,4,,
1ISP,4BRZ,1066.0,8,,
1ISP,HYS,1051.0,1,,
1ISP,SPTI,967.0,1,,
1ISP,CEMQ,962.0,4,,
1ISP,BBJP,957.0,8,,
1ISP,VUKG,951.0,2,,
1ISP,HSUD,940.0,1,,
1ISP,ILF,939.0,14,,
1ISP,SPMV,931.0,6,,
1ISP,CEMR,925.0,1,,
1ISP,I20T,920.0,1,,
1ISP,AGGU,859.0,1,,
1ISP,EWG,849.0,9,,
1ISP,IUUS,848.0,5,,
1ISP,ESGU,829.0,3,,
1ISP,TI5A,818.0,5,,
1ISP,HSJD,796.0,9,,
1ISP,SOXX,792.0,5,,
1ISP,PICK,788.0,7,,
1ISP,KRE,783.0,3,,
1ISP,ASHR,762.0,2,,
1ISP,H50A,756.0,11,,
1ISP,EQQS,745.0,1,,
1ISP,XLB,743.0,6,,
1ISP,CCAU,723.0,2,,
1ISP,IUMS,717.0,5,,
1ISP,XLG,698.0,1,,
1ISP,EWA,682.0,12,,
1ISP,VGSH,664.0,2,,
1ISP,IWB,662.0,4,,
1ISP,EUNK,658.0,3,,
1ISP,SPSM,651.0,10,,
1ISP,REMX,644.0,2,,
1ISP,XMED,639.0,2,,
1I,VMCAX,632.0,1,,
1ISP,UCAP,622.0,1,,
1ISP,BNKE,618.0,3,,
1ISP,MVOL,616.0,4,,
1ISP,JQUA,608.0,4,,
1ISP,ESGV,600.0,1,,
1ISP,VFEA,599.0,4,,
1ISP,BBEM,593.0,8,,
1ISP,IESZ,588.0,1,,
1ISP,URTH,571.0,2,,
1ISP,IEMA,570.0,2,,
1ISP,VAPU,558.0,7,,
1ISP,TOPT,556.0,1,,
1ISP,SPIB,553.0,4,,
1ISP,HYGU,550.0,2,,
1ISP,IJPA,548.0,2,,
1ISP,VBR,531.0,1,,
1ISP,VLDS,530.0,3,,
1ISP,EWI,530.0,9,,
1ISP,IEUR,515.0,5,,
1ISP,CTEC2,514.0,9,,
1ISP,IJR,509.0,11,,
1ISP,CNXT,491.0,1,,
1ISP,VEU,485.0,3,,
1ISP,XXSC,481.0,3,,
1ISP,EPP,478.0,10,,
1ISP,CEU2,476.0,1,,
1ISP,VWRA,475.0,2,,
1ISP,NATO,470.0,3,,
1ISP,EMLC,460.0,2,,
1ISP,IGLU,453.0,1,,
1ISP,PRF,446.0,5,,
1ISP,VYM,438.0,3,,
1ISP,IHF,424.0,3,,
1ISP,HYDB,415.0,2,,
1ISP,RING,415.0,7,,
1ISP,HDV,414.0,2,,
1ISP,IPAC,401.0,1,,
1ISP,LEMB,400.0,2,,
1ISP,ACWX,392.0,2,,
1ISP,CBU3,389.0,1,,
1ISP,SMH,386.0,2,,
1ISP,IYG,373.0,1,,
1ISP,KWEB,346.0,5,,
1ISP,ICOM,345.0,5,,
1ISP,CPXJ,334.0,2,,
1ISP,FLXU,334.0,1,,
1ISP,EDMU,333.0,1,,
1ISP,XMTD,320.0,1,,
1ISP,KSA,320.0,2,,
1ISP,HSXD,312.0,1,,
1ISP,IGV,311.0,15,,
1ISP,SPUU,309.0,3,,
1ISP,VECP,306.0,1,,
1ISP,BBRE,305.0,8,,
1ISP,FLXK,305.0,1,,
1ISP,CNYA,304.0,8,,
1ISP,VOX,302.0,3,,
1ISP,WSML,301.0,1,,
1ISP,LEMA,300.0,2,,
1ISP,HUKX,299.0,8,,
1ISP,DTMXX,299.0,3,,
1ISP,CQQQ,298.0,4,,
1ISP,XLVS,294.0,1,,
1ISP,VNQ,292.0,2,,
1ISP,IMVU,289.0,1,,
1ISP,JMAB,286.0,1,,
1ISP,IEAU,286.0,1,,
1ISP,XBI,282.0,1,,
1ISP,VDTA,281.0,3,,
1ISP,USPX,279.0,1,,
1ISP,IJH,278.0,4,,
1ISP,SPEM,273.0,12,,
1ISP,STIP,270.0,1,,
1ISP,RDVY,258.0,5,,
1ISP,SEMI,258.0,1,,
1ISP,IYJ,253.0,1,,
1ISP,ESIF,249.0,1,,
1ISP,IYC,244.0,1,,
1ISP,IYH,243.0,2,,
1ISP,SPY4,240.0,2,,
1ISP,KRMA,239.0,1,,
1ISP,SXLV,239.0,1,,
1ISP,SXLF,237.0,2,,
1ISP,HEAL,235.0,2,,
1ISP,THD,231.0,3,,
1ISP,CSUK,229.0,4,,
1ISP,D28A,228.0,1,,
1ISP,CIBR,227.0,8,,
1ISP,MOAT,222.0,1,,
1ISP,FLXC,220.0,1,,
1ISP,CEUU,217.0,2,,
1ISP,CIBRU,216.0,1,,
1ISP,TBILLX,212.0,2,,
1ISP,SXLE,208.0,1,,
1ISP,IAUS,208.0,1,,
1ISP,RUSG1,208.0,1,,
1ISP,EXS1,205.0,1,,
1ISP,BBAX,204.0,1,,
1ISP,SQQQ,203.0,1,,
1ISP,PR1T,202.0,1,,
1ISP,XLU,202.0,7,,
1ISP,MEXS,201.0,8,,
1ISP,PSQ,190.0,3,,
1ISP,IDIN,188.0,1,,
1ISP,SPXS,187.0,2,,
1ISP,EPU,185.0,4,,
1ISP,FLEE,183.0,1,,
1I,LQMHX,183.0,3,,
1I,IJPAX,179.0,6,,
1ISP,VPL,179.0,2,,
1ISP,HSEP,178.0,1,,
1ISP,HMCD,177.0,7,,
1ISP,ESGD,176.0,2,,
1ISP,EWH,175.0,4,,
1ISP,VGIT,169.0,1,,
1ISP,EWW,169.0,6,,
1I,IMEAX,160.0,3,,
1ISP,SXLI,160.0,1,,
1ISP,DGRW,159.0,2,,
1I,ADLM,159.0,3,,
1ISP,IGLT,157.0,9,,
1ISP,SUOA,154.0,1,,
1ISP,FEP,154.0,1,,
1ISP,AIAA,154.0,1,,
1ISP,IDU,153.0,3,,
1ISP,EPHE,152.0,9,,
1ISP,XLP,149.0,5,,
1ISP,FXI,148.0,3,,
1ISP,EWS,147.0,3,,
1I,MEXMX,146.0,1,,
1ISP,SPTR,140.0,1,,
1ISP,PAVEU,140.0,1,,
1ISP,ZAP,140.0,2,,
1ISP,ISAG,140.0,2,,
1ISP,NDUS,139.0,2,,
1ISP,RBOT,132.0,2,,
1ISP,EWM,132.0,2,,
1ISP,IH2O,128.0,1,,
1ISP,IGPT,127.0,2,,
1ISP,C300,127.0,1,,
1I,JHYM,127.0,3,,
1ISP,XHB,126.0,3,,
1ISP,GRDU,125.0,1,,
1ISP,NDIA,124.0,2,,
1ISP,PLAY,123.0,1,,
1ISP,LOCK,123.0,1,,
1ISP,HYLA,122.0,1,,
1ISP,FLOT,121.0,2,,
1ISP,IEVL,121.0,4,,
1ISP,PFF,120.0,2,,
1ISP,EWL,118.0,2,,
1ISP,IBGS,117.0,1,,
1ISP,AAXJ,116.0,2,,
1ISP,CXSE,116.0,1,,
1ISP,GRID,113.0,6,,
1ISP,EPI,113.0,2,,
1ISP,MTAV,112.0,1,,
1ISP,IAUP,111.0,1,,
1ISP,IXG,103.0,1,,
1ISP,QLTA,100.0,1,,
1ISP,XSOE,97.0,3,,
1ISP,EMAD,97.0,1,,
1ISP,PAVE,94.0,4,,
1ISP,EIS,91.0,2,,
1ISP,VB,89.0,1,,
1ISP,XSOE1,87.0,1,,
1ISP,EWQ,84.0,1,,
1ISP,BBLB,84.0,1,,
1ISP,GLDM,83.0,6,,
1ISP,IBB,82.0,1,,
1ISP,OIH,82.0,2,,
1ISP,KURE,82.0,1,,
1ISP,ESGE,81.0,2,,
1ISP,XSMC,81.0,1,,
1ISP,IGIB,81.0,3,,
1ISP,RSPD,80.0,1,,
1ISP,CG1,80.0,1,,
1ISP,ISFD,78.0,1,,
1ISP,HLTH,77.0,1,,
1ISP,CTEC,75.0,2,,
1ISP,FLXI,74.0,1,,
1ISP,EDV,74.0,3,,
1ISP,EWN,73.0,2,,
1ISP,XMJD,69.0,1,,
1ISP,XOP,69.0,3,,
1ISP,SDVY,69.0,8,,
1ISP,ROLL,67.0,2,,
1ISP,VDC,66.0,1,,
1ISP,QAT,64.0,1,,
1ISP,SDG,63.0,1,,
1ISP,TDIV1,62.0,1,,
1ISP,TRLA,61.0,3,,
1ISP,AIQ,60.0,3,,
1ISP,CEMG,59.0,1,,
1ISP,DTCR,57.0,2,,
1ISP,SUSB,54.0,1,,
1ISP,HGER,54.0,1,,
1ISP,OPEN,52.0,1,,
1ISP,CMOD,52.0,1,,
1ISP,AGED,50.0,2,,
1ISP,DFVE,50.0,1,,
1ISP,SGLD,48.0,1,,
1ISP,VIS,48.0,2,,
1ISP,DGRO,47.0,4,,
1ISP,ECH,46.0,3,,
1ISP,IRSAN,45.0,1,,
1ISP,XESP,42.0,1,,
1ISP,WTAI,41.0,1,,
1ISP,ROBO,40.0,1,,
1ISP,XAID,39.0,1,,
1ISP,IXJ,38.0,2,,
1ISP,RTYS,38.0,1,,
1ISP,SPSB,38.0,3,,
1ISP,NXTG,37.0,1,,
1ISP,IOO,37.0,1,,
1ISP,MCEU,37.0,1,,
1ISP,VSCF,36.0,1,,
1ISP,VSGF,36.0,1,,
1ISP,EWSP,35.0,1,,
1ISP,BUG,35.0,1,,
1ISP,VEXC,35.0,3,,
1ISP,WIAU,34.0,1,,
1ISP,BOTZ,34.0,1,,
1ISP,IS3U,34.0,1,,
1ISP,MDYG,33.0,1,,
1ISP,AIRR,32.0,3,,
1ISP,VCR,31.0,1,,
1ISP,BCHN,31.0,1,,
1ISP,ARGT,30.0,1,,
1ISP,ERNX,30.0,1,,
1ISP,ECAR,30.0,1,,
1ISP,EFIV,29.0,1,,
1ISP,CGW,29.0,1,,
1ISP,C40,29.0,1,,
1ISP,EMXC1,28.0,8,,
1ISP,IWD,27.0,1,,
1ISP,FXZ,27.0,1,,
1ISP,NLR,27.0,2,,
1ISP,EWD,27.0,2,,
1ISP,NRJC,27.0,1,,
1ISP,CHIP,26.0,1,,
1ISP,PHO,26.0,1,,
1ISP,CNRG,25.0,1,,
1ISP,IBGE,25.0,1,,
1ISP,SKYY,25.0,1,,
1ISP,DEM,24.0,2,,
1ISP,CMXC,24.0,1,,
1ISP,MXI,24.0,1,,
1ISP,IDNA,24.0,1,,
1ISP,EDEN,22.0,2,,
1ISP,HEZU,21.0,1,,
1ISP,SXRY,21.0,1,,
1ISP,LWCU1,21.0,1,,
1ISP,INRG,21.0,1,,
1ISP,EFA,20.0,1,,
1ISP,BLKC,20.0,1,,
1ISP,EWZS,20.0,1,,
1ISP,VV,19.0,1,,
1ISP,ITB,19.0,1,,
1ISP,AGNG,19.0,1,,
1ISP,EPOL,18.0,2,,
1ISP,DGTL,18.0,1,,
1ISP,URA,18.0,1,,
1ISP,IAEA,17.0,1,,
1ISP,LITM,17.0,1,,
1ISP,SPMO,16.0,1,,
1ISP,FXH,16.0,1,,
1ISP,VAW,15.0,1,,
1ISP,MOO,14.0,1,,
1ISP,ESML,14.0,1,,
1ISP,ENOR,14.0,1,,
1ISP,RNRG,13.0,1,,
1ISP,MGK,13.0,3,,
1ISP,DVY,12.0,1,,
1ISP,EIDO,11.0,1,,
1ISP,LUXU,11.0,1,,
1ISP,VPU,9.0,1,,
1ISP,SHYG,9.0,1,,
1ISP,IYE,9.0,1,,
1ISP,EWP,9.0,6,,
1ISP,IPOL,8.0,1,,
1ISP,EIRL,8.0,1,,
1ISP,JVAL,7.0,1,,
1ISP,XMMO,7.0,1,,
1ISP,XAR,7.0,1,,
1ISP,USMV,7.0,4,,
1ISP,DXJ,7.0,3,,
1ISP,DIA,7.0,1,,
1ISP,REUSE,6.0,1,,
1ISP,VHT,6.0,1,,
1ISP,QGRW,3.0,2,,
1ISP,AIA,2.0,1,,
1ISP,HIDD,2.0,7,,
1ISP,VNQI,2.0,3,,
1ISP,IEO,2.0,1,,
1ISP,VYMI,1.0,2,,
1ISP,EEMV,1.0,1,,
1ISP,VIGI,1.0,2,,
1ISP,VHYD,1.0,2,,
1ISP,ACWV,1.0,1,,
1ISP,COLO1,1.0,1,,
1ISP,SPDW,0.0,1,,
1ISP,VSGX,0.0,1,,
1ISP,DOG,0.0,5,,
1ISP,ERUS,0.0,1,,
1ISP,NOBL,0.0,2,,
